id,RSRP,RSRQ,SINR,earfcn,latitude,longitude,altitude
1,-90,-6,24,2850,-28.6809589,116.2346515,4920.38
2,-90,-6,24,2850,-28.79271,116.4254286,4955.28
3,-90,-6,24,2850,-28.7926306,116.4255266,4955.26
4,-67,-12,3,643488,-28.8712116,116.4027454,4980.14
5,-67,-12,3,643488,-28.8371669,115.9286716,4970.25
6,-67,-12,2,643488,-28.6032113,115.2827612,4897.7
7,-67,-12,2,643488,-28.6431141,115.7665483,4909.34
8,-67,-12,2,643488,-28.9022082,116.8627918,4989.11
9,-67,-12,2,643488,-28.8236981,116.8710582,4964.25
10,-67,-12,2,643488,37.6104374,126.9965211,133.37
11,-67,-12,2,643488,37.6104373,126.9965209,133.38
12,-67,-12,2,643488,37.6104367,126.9965207,133.42
13,-67,-12,2,643488,37.6104366,126.9965221,133.65
14,-67,-12,2,643488,37.6104367,126.9965236,133.93
15,-67,-12,2,643488,37.6104366,126.9965249,134.2
16,-62,-12,5,643488,37.6104367,126.996528,134.72
17,-62,-12,5,643488,37.6104368,126.9965298,134.97
18,-50,-10,14,643488,37.6104367,126.9965317,135.31
19,-50,-10,14,643488,37.6104357,126.9965464,137.86
20,-50,-10,14,643488,37.6104355,126.9965462,137.83
21,-50,-10,14,643488,37.6104353,126.996546,137.8
22,-50,-10,14,643488,37.6104348,126.996546,137.79
23,-50,-10,14,643488,37.6104345,126.9965459,137.78
24,-50,-10,14,643488,37.6104342,126.9965457,137.76
25,-63,-11,8,643488,37.6104339,126.9965458,137.76
26,-63,-11,8,643488,37.6106857,126.9965906,130.42
27,-63,-11,8,643488,37.6106865,126.996589,130.13
28,-63,-11,8,643488,37.6106889,126.996586,129.3
29,-63,-11,8,643488,37.6106896,126.996585,129.05
30,-63,-11,8,643488,37.6106901,126.9965843,128.94
31,-63,-11,8,643488,37.6106904,126.9965837,128.79
32,-63,-11,8,643488,37.6106928,126.9965508,123.91
33,-63,-11,8,643488,37.6106923,126.9965502,123.87
34,-54,-11,11,643488,37.6106919,126.9965495,123.85
35,-54,-11,11,643488,37.6106917,126.9965488,123.89
36,-54,-11,11,643488,37.6106918,126.9965476,124.03
37,-54,-11,11,643488,37.6106916,126.9965467,124.11
38,-54,-11,11,643488,37.6106912,126.9965456,124.13
39,-54,-11,11,643488,37.6106908,126.9965445,124.18
40,-54,-11,11,643488,37.6106899,126.9965429,124.17
41,-54,-11,11,643488,37.6106824,126.9965335,123.81
42,-54,-11,11,643488,37.6106813,126.9965322,123.75
43,-54,-11,11,643488,37.6106807,126.9965315,123.71
44,-52,-11,12,643488,37.6106801,126.9965308,123.68
45,-52,-11,12,643488,37.6106795,126.9965301,123.65
46,-52,-11,12,643488,37.6106784,126.9965288,123.6
47,-52,-11,12,643488,37.610678,126.9965282,123.58
48,-52,-11,12,643488,37.6106775,126.9965275,123.55
49,-52,-11,12,643488,37.6106769,126.9965268,123.53
50,-52,-11,12,643488,37.6106747,126.9965203,124.18
51,-52,-11,12,643488,37.6106748,126.9965196,124.3
52,-52,-11,12,643488,37.6106746,126.9965191,124.29
53,-52,-11,12,643488,37.6106741,126.9965185,124.23
54,-52,-10,14,643488,37.6106736,126.9965178,124.22
55,-52,-10,14,643488,37.6106731,126.996517,124.23
56,-52,-10,14,643488,37.6106721,126.9965154,124.21
57,-52,-10,14,643488,37.6106716,126.9965147,124.22
58,-52,-10,14,643488,37.610671,126.9965139,124.22
59,-52,-10,14,643488,37.6106367,126.9964841,124.53
60,-52,-10,14,643488,37.6106368,126.9964841,124.54
61,-52,-10,14,643488,37.6106368,126.9964841,124.54
62,-52,-10,14,643488,37.6106367,126.9964842,124.49
63,-52,-10,14,643488,37.6106367,126.9964842,124.48
64,-53,-10,13,643488,37.6106368,126.9964843,124.48
65,-53,-10,13,643488,37.6106368,126.9964843,124.46
66,-53,-10,13,643488,37.6106367,126.9964842,124.43
67,-53,-10,13,643488,37.6106367,126.9964842,124.41
68,-53,-10,13,643488,37.6106362,126.996484,124.34
69,-53,-10,13,643488,37.6106362,126.9964841,124.33
70,-53,-10,13,643488,37.6106362,126.9964841,124.33
71,-53,-10,13,643488,37.6106362,126.9964843,124.33
72,-53,-10,13,643488,37.6106362,126.9964844,124.35
73,-53,-10,14,643488,37.6106362,126.9964845,124.36
74,-53,-10,14,643488,37.6106361,126.9964846,124.35
75,-53,-10,14,643488,37.6106361,126.9964848,124.35
76,-53,-10,14,643488,37.610635,126.9964838,124.55
77,-53,-10,14,643488,37.6106349,126.9964837,124.56
78,-53,-10,14,643488,37.6106347,126.9964836,124.57
79,-53,-10,14,643488,37.6106345,126.9964833,124.61
80,-53,-10,14,643488,37.6106342,126.9964829,124.64
81,-53,-10,14,643488,37.610634,126.9964828,124.65
82,-52,-11,14,643488,37.6106338,126.9964825,124.68
83,-52,-11,14,643488,37.6106323,126.9964805,124.43
84,-52,-11,14,643488,37.6106321,126.9964804,124.41
85,-52,-11,14,643488,37.6106318,126.9964801,124.35
86,-52,-11,14,643488,37.6106317,126.9964799,124.34
87,-52,-11,14,643488,37.6106316,126.9964798,124.31
88,-52,-11,14,643488,37.6106314,126.9964798,124.28
89,-52,-11,14,643488,37.6106311,126.9964796,124.23
90,-52,-11,14,643488,37.6106309,126.9964796,124.2
91,-52,-11,14,643488,37.6106288,126.9964789,123.72
92,-57,-11,8,643488,37.6106285,126.9964787,123.68
93,-57,-11,8,643488,37.6106283,126.9964785,123.63
94,-57,-11,8,643488,37.6106281,126.9964782,123.61
95,-57,-11,8,643488,37.6106276,126.9964778,123.52
96,-57,-11,8,643488,37.6106273,126.9964776,123.47
97,-57,-11,8,643488,37.6106271,126.9964774,123.43
98,-57,-11,8,643488,37.6106269,126.9964771,123.4
99,-57,-11,8,643488,37.6106264,126.9964765,123.36
100,-55,-11,10,643488,37.6106424,126.9965062,125.8
101,-55,-11,10,643488,37.6106428,126.996506,125.72
102,-55,-11,10,643488,37.6106432,126.9965057,125.63
103,-55,-11,10,643488,37.6106436,126.9965057,125.56
104,-55,-11,10,643488,37.6106443,126.9965057,125.49
105,-55,-11,10,643488,37.6106447,126.9965055,125.43
106,-55,-11,10,643488,37.610645,126.9965054,125.38
107,-55,-11,10,643488,37.6106453,126.9965053,125.34
108,-55,-11,10,643488,37.6106459,126.9965054,125.27
109,-56,-11,11,643488,37.6106493,126.9965071,125.19
110,-56,-11,11,643488,37.6106495,126.9965071,125.18
111,-56,-11,11,643488,37.6106497,126.9965073,125.14
112,-56,-11,11,643488,37.6106497,126.9965076,125.09
113,-58,-11,11,643488,37.6106498,126.9965077,125.02
114,-58,-11,11,643488,37.61065,126.9965078,125.1
115,-58,-11,11,643488,37.6106502,126.9965079,125.12
116,-58,-11,11,643488,37.6106504,126.9965081,125.15
117,-58,-11,11,643488,37.6106491,126.9964864,125.46
118,-58,-11,11,643488,37.6106489,126.9964864,125.36
119,-58,-11,11,643488,37.6106487,126.9964862,125.35
120,-58,-11,11,643488,37.6106486,126.996486,125.17
121,-58,-11,11,643488,37.6106487,126.996486,125.04
122,-58,-11,11,643488,37.6106493,126.9964864,125.01
123,-59,-11,13,643488,37.6106498,126.9964867,124.99
124,-59,-11,13,643488,37.6106506,126.9964868,125.12
125,-59,-11,13,643488,37.610651,126.996487,125.22
126,-59,-11,13,643488,37.6106582,126.9964862,126.48
127,-59,-11,13,643488,37.6106586,126.9964865,126.55
128,-59,-11,13,643488,37.6106584,126.9964863,126.51
129,-59,-11,13,643488,37.6106585,126.9964858,126.55
130,-59,-11,13,643488,37.6106585,126.9964856,126.55
131,-59,-11,13,643488,37.6106585,126.9964854,126.57
132,-52,-10,17,643488,37.6106586,126.9964854,126.56
133,-52,-10,17,643488,37.6106645,126.9964879,122.47
134,-52,-10,17,643488,37.6106646,126.9964881,122.42
135,-52,-10,17,643488,37.6106647,126.9964884,122.37
136,-52,-10,17,643488,37.6106647,126.9964886,122.3
137,-52,-10,17,643488,37.6106645,126.9964891,122.19
138,-52,-10,17,643488,37.6106645,126.9964889,122.16
139,-52,-10,17,643488,37.6106645,126.9964883,122.13
140,-52,-10,17,643488,37.6106647,126.9964885,121.96
141,-52,-10,17,643488,37.6106646,126.9964885,121.84
142,-52,-10,17,643488,37.6106645,126.9964911,120.53
143,-52,-10,17,643488,37.6106644,126.9964917,120.42
144,-52,-10,17,643488,37.6106643,126.9964923,120.33
145,-52,-10,17,643488,37.6106643,126.996493,120.24
146,-52,-10,17,643488,37.610664,126.9964943,120.03
147,-52,-10,17,643488,37.610664,126.996495,119.93
148,-52,-10,17,643488,37.610664,126.9964956,119.83
149,-52,-10,17,643488,37.6106639,126.9964967,119.63
150,-62,-12,7,643488,37.6106638,126.9964973,119.54
151,-62,-12,7,643488,37.6106634,126.9965049,118.46
152,-62,-12,7,643488,37.6106633,126.9965053,118.37
153,-62,-12,7,643488,37.6106633,126.9965057,118.28
154,-62,-12,7,643488,37.6106632,126.9965065,118.14
155,-62,-12,7,643488,37.6106632,126.996507,118.06
156,-62,-12,7,643488,37.6106631,126.9965078,117.9
157,-62,-12,7,643488,37.6106636,126.9965107,121.71
158,-62,-12,7,643488,37.6106638,126.9965103,121.68
159,-62,-12,7,643488,37.6106639,126.99651,121.65
160,-62,-12,7,643488,37.610664,126.9965096,121.64
161,-62,-12,7,643488,37.610664,126.9965092,121.63
162,-62,-12,7,643488,37.610664,126.9965091,121.6
163,-62,-12,7,643488,37.610664,126.9965091,121.6
164,-62,-12,7,643488,37.6106637,126.9965089,121.57
165,-62,-12,7,643488,37.6106637,126.9965089,121.58
166,-62,-12,7,643488,37.6106636,126.9965089,121.59
167,-62,-12,7,643488,37.6106637,126.9965093,122.16
168,-62,-12,7,643488,37.6106638,126.9965093,122.26
169,-64,-11,8,643488,37.6106641,126.996509,122.32
170,-64,-11,8,643488,37.6106643,126.9965088,122.38
171,-64,-11,8,643488,37.6106643,126.9965085,122.46
172,-64,-11,8,643488,37.6106643,126.9965083,122.47
173,-64,-11,8,643488,37.6106643,126.9965085,122.52
174,-64,-11,8,643488,37.6106644,126.9965087,122.69
175,-64,-11,8,643488,37.6106644,126.9965087,122.76
176,-64,-11,8,643488,37.6106645,126.996509,123.46
177,-64,-11,8,643488,37.6106646,126.996509,123.52
178,-64,-11,8,643488,37.6106646,126.996509,123.57
179,-64,-11,8,643488,37.6106646,126.9965088,123.69
180,-64,-11,8,643488,37.6106647,126.9965088,123.76
181,-64,-11,8,643488,37.6106647,126.9965087,123.83
182,-64,-11,8,643488,37.6106647,126.9965086,123.91
183,-64,-11,8,643488,37.6106647,126.9965084,123.99
184,-64,-11,8,643488,37.6106634,126.9965082,124.49
185,-64,-11,8,643488,37.6106635,126.9965081,124.54
186,-64,-11,8,643488,37.6106636,126.9965082,124.59
187,-64,-11,8,643488,37.6106636,126.9965084,124.67
188,-64,-11,8,643488,37.6106636,126.9965085,124.68
189,-64,-11,8,643488,37.6106637,126.9965086,124.83
190,-64,-11,8,643488,37.6106638,126.9965087,124.89
191,-64,-11,8,643488,37.6106638,126.9965087,124.96
192,-64,-11,8,643488,37.6106638,126.9965088,125.0
193,-64,-11,8,643488,37.6106633,126.9965084,125.01
194,-64,-11,8,643488,37.6106632,126.9965087,124.95
195,-64,-11,8,643488,37.6106631,126.9965093,124.89
196,-64,-11,8,643488,37.6106632,126.9965093,124.86
197,-64,-11,8,643488,37.6106632,126.9965091,124.84
198,-64,-11,8,643488,37.6106633,126.9965089,124.84
199,-64,-11,8,643488,37.6106639,126.9965081,124.8
200,-64,-11,8,643488,37.6106643,126.9965074,124.78
201,-64,-11,8,643488,37.6106647,126.9965066,124.77
202,-64,-11,8,643488,37.610669,126.9964946,124.57
203,-64,-11,8,643488,37.6106692,126.9964937,124.57
204,-64,-11,8,643488,37.6106698,126.9964918,124.51
205,-64,-11,8,643488,37.6106701,126.996491,124.53
206,-64,-11,8,643488,37.6106703,126.9964904,124.52
207,-64,-11,8,643488,37.6106706,126.9964897,124.51
208,-64,-11,8,643488,37.6106711,126.9964884,124.48
209,-64,-11,8,643488,37.6106715,126.9964876,124.47
210,-64,-11,8,643488,37.610672,126.9964866,124.46
211,-64,-11,8,643488,37.6106785,126.9964748,124.44
212,-64,-11,8,643488,37.6106789,126.9964737,124.42
213,-64,-11,8,643488,37.6106797,126.9964718,124.45
214,-64,-11,8,643488,37.6106798,126.9964707,124.46
215,-64,-11,8,643488,37.6106801,126.9964696,124.42
216,-64,-11,8,643488,37.6106804,126.9964687,124.4
217,-64,-11,8,643488,37.6106806,126.996468,124.4
218,-64,-11,8,643488,37.6106809,126.9964667,124.38
219,-64,-11,8,643488,37.6106808,126.9964663,124.39
220,-64,-11,8,643488,37.61068,126.9964672,124.21
221,-64,-11,8,643488,37.6106802,126.996467,124.2
222,-64,-11,8,643488,37.6106808,126.9964659,124.19
223,-64,-11,8,643488,37.6106813,126.9964648,124.15
224,-64,-11,8,643488,37.6106819,126.9964634,124.14
225,-64,-11,8,643488,37.6106826,126.9964622,124.1
226,-64,-11,8,643488,37.6106839,126.9964597,124.11
227,-64,-11,8,643488,37.6106846,126.9964584,124.09
228,-64,-11,8,643488,37.6106853,126.996457,124.08
229,-64,-11,8,643488,37.6106933,126.9964366,124.0
230,-64,-11,8,643488,37.6106937,126.9964354,124.01
231,-64,-11,8,643488,37.6106942,126.9964334,124.02
232,-64,-11,8,643488,37.6106944,126.9964326,124.03
233,-64,-11,8,643488,37.6106945,126.996432,124.04
234,-64,-11,8,643488,37.6106946,126.9964315,124.04
235,-64,-11,8,643488,37.6106947,126.9964312,124.01
236,-64,-11,8,643488,37.6106947,126.9964312,124.0
237,-64,-11,8,643488,37.6106948,126.9964314,123.99
238,-64,-11,8,643488,37.6106964,126.996428,124.03
239,-64,-11,8,643488,37.6106967,126.9964271,124.02
240,-64,-11,8,643488,37.6106975,126.996425,124.03
241,-64,-11,8,643488,37.6106977,126.996424,124.07
242,-64,-11,8,643488,37.610698,126.996423,124.07
243,-64,-11,8,643488,37.6106983,126.996422,124.08
244,-64,-11,8,643488,37.610699,126.9964198,124.07
245,-64,-11,8,643488,37.6106995,126.9964186,124.08
246,-64,-11,8,643488,37.6106998,126.9964175,124.1
247,-64,-11,8,643488,37.6107023,126.9964085,123.87
248,-64,-11,8,643488,37.6107025,126.9964084,123.86
249,-64,-11,8,643488,37.6107029,126.9964079,123.87
250,-64,-11,8,643488,37.6107032,126.9964077,123.84
251,-64,-11,8,643488,37.6107037,126.9964072,123.86
252,-64,-11,8,643488,37.6107042,126.9964067,123.86
253,-64,-11,8,643488,37.6107056,126.9964047,123.86
254,-64,-11,8,643488,37.6107063,126.9964035,123.87
255,-64,-11,8,643488,37.610707,126.9964025,123.89
256,-64,-11,8,643488,37.6107135,126.9963864,124.03
257,-64,-11,8,643488,37.610714,126.996385,124.02
258,-64,-11,8,643488,37.610715,126.9963823,124.02
259,-64,-11,8,643488,37.6107156,126.9963809,124.02
260,-64,-11,8,643488,37.6107163,126.9963795,124.01
261,-64,-11,8,643488,37.6107171,126.9963781,124.0
262,-64,-11,8,643488,37.6107184,126.9963756,124.02
263,-64,-11,8,643488,37.6107191,126.9963745,124.03
264,-64,-11,8,643488,37.6107197,126.9963732,124.03
265,-64,-11,8,643488,37.6107273,126.9963566,124.15
266,-64,-11,8,643488,37.610728,126.996355,124.14
267,-64,-11,8,643488,37.6107288,126.9963532,124.12
268,-64,-11,8,643488,37.6107306,126.9963497,124.14
269,-64,-11,8,643488,37.6107314,126.996348,124.12
270,-64,-11,8,643488,37.6107322,126.9963464,124.14
271,-64,-11,8,643488,37.6107329,126.996345,124.13
272,-64,-11,8,643488,37.610734,126.9963422,124.11
273,-64,-11,8,643488,37.6107345,126.9963409,124.12
274,-64,-11,8,643488,37.6107416,126.996321,124.08
275,-64,-11,8,643488,37.6107424,126.9963194,124.11
276,-64,-11,8,643488,37.6107432,126.9963177,124.11
277,-64,-11,8,643488,37.6107446,126.9963145,124.13
278,-64,-11,8,643488,37.6107453,126.9963129,124.13
279,-64,-11,8,643488,37.6107458,126.9963114,124.1
280,-64,-11,8,643488,37.6107465,126.9963099,124.1
281,-64,-11,8,643488,37.6107476,126.9963072,124.07
282,-64,-11,8,643488,37.6107483,126.9963059,124.13
283,-64,-11,8,643488,37.6107542,126.9962916,124.21
284,-64,-11,8,643488,37.6107545,126.9962904,124.22
285,-64,-11,8,643488,37.6107556,126.9962881,124.26
286,-64,-11,8,643488,37.6107561,126.9962869,124.27
287,-64,-11,8,643488,37.6107566,126.9962857,124.28
288,-64,-11,8,643488,37.6107571,126.9962844,124.3
289,-64,-11,8,643488,37.6107582,126.9962816,124.29
290,-64,-11,8,643488,37.6107589,126.9962803,124.28
291,-64,-11,8,643488,37.6107595,126.9962788,124.27
292,-64,-11,8,643488,37.6107681,126.9962608,124.1
293,-64,-11,8,643488,37.6107686,126.9962594,124.08
294,-64,-11,8,643488,37.6107694,126.9962566,124.08
295,-64,-11,8,643488,37.6107698,126.9962552,124.08
296,-64,-11,8,643488,37.6107703,126.9962537,124.08
297,-64,-11,8,643488,37.6107708,126.9962523,124.08
298,-64,-11,8,643488,37.610772,126.9962493,124.04
299,-64,-11,8,643488,37.6107726,126.9962476,124.05
300,-64,-11,8,643488,37.6107795,126.9962311,123.96
301,-64,-11,8,643488,37.6107807,126.9962291,123.93
302,-64,-11,8,643488,37.6107811,126.9962284,123.92
303,-64,-11,8,643488,37.6107813,126.9962279,123.92
304,-64,-11,8,643488,37.6107816,126.9962273,123.9
305,-64,-11,8,643488,37.6107818,126.9962269,123.9
306,-64,-11,8,643488,37.6107818,126.9962265,123.89
307,-64,-11,8,643488,37.610782,126.996226,123.91
308,-64,-11,8,643488,37.6107827,126.9962246,123.9
309,-64,-11,8,643488,37.6107926,126.9962027,123.74
310,-64,-11,8,643488,37.6107931,126.9962012,123.74
311,-64,-11,8,643488,37.6107937,126.9962,123.74
312,-64,-11,8,643488,37.6107941,126.9961987,123.72
313,-64,-11,8,643488,37.610795,126.9961968,123.76
314,-64,-11,8,643488,37.6107954,126.9961959,123.76
315,-64,-11,8,643488,37.6107958,126.9961949,123.72
316,-64,-11,8,643488,37.6107961,126.9961941,123.72
317,-64,-11,8,643488,37.610803,126.9961827,123.82
318,-64,-11,8,643488,37.6108043,126.9961802,123.78
319,-64,-11,8,643488,37.610805,126.9961789,123.76
320,-64,-11,8,643488,37.6108057,126.9961776,123.73
321,-64,-11,8,643488,37.6108063,126.9961764,123.72
322,-64,-11,8,643488,37.6108069,126.9961753,123.72
323,-64,-11,8,643488,37.6108075,126.9961729,123.72
324,-64,-11,8,643488,37.6108079,126.9961718,123.73
325,-64,-11,8,643488,37.6108082,126.9961706,123.72
326,-64,-11,8,643488,37.6108138,126.9961537,123.73
327,-64,-11,8,643488,37.6108142,126.9961525,123.74
328,-64,-11,8,643488,37.6108151,126.9961499,123.75
329,-64,-11,8,643488,37.6108156,126.9961486,123.74
330,-64,-11,8,643488,37.6108161,126.9961472,123.73
331,-64,-11,8,643488,37.6108165,126.9961458,123.73
332,-64,-11,8,643488,37.6108174,126.996143,123.72
333,-64,-11,8,643488,37.6108179,126.9961414,123.71
334,-64,-11,8,643488,37.6108183,126.9961398,123.7
335,-64,-11,8,643488,37.6108238,126.9961249,123.79
336,-64,-11,8,643488,37.6108243,126.996124,123.82
337,-64,-11,8,643488,37.6108252,126.9961224,123.86
338,-64,-11,8,643488,37.6108256,126.9961216,123.87
339,-64,-11,8,643488,37.6108261,126.9961207,123.88
340,-64,-11,8,643488,37.6108265,126.9961199,123.9
341,-64,-11,8,643488,37.6108271,126.9961184,123.95
342,-64,-11,8,643488,37.6108274,126.9961178,123.95
343,-64,-11,8,643488,37.6108276,126.9961172,123.96
344,-64,-11,8,643488,37.6108286,126.9961141,123.94
345,-64,-11,8,643488,37.6108293,126.9961143,123.93
346,-64,-11,8,643488,37.6108297,126.9961144,123.93
347,-64,-11,8,643488,37.6108303,126.9961146,123.96
348,-64,-11,8,643488,37.6108309,126.9961149,123.97
349,-64,-11,8,643488,37.6108321,126.9961153,123.99
350,-64,-11,8,643488,37.6108327,126.9961157,123.98
351,-64,-11,8,643488,37.6108333,126.996116,123.98
352,-64,-11,8,643488,37.6108338,126.9961164,123.99
353,-64,-11,8,643488,37.6108436,126.9961222,123.93
354,-64,-11,8,643488,37.6108443,126.9961224,123.92
355,-64,-11,8,643488,37.6108458,126.9961232,123.87
356,-64,-11,8,643488,37.6108465,126.9961235,123.88
357,-64,-11,8,643488,37.610847,126.9961238,123.87
358,-64,-11,8,643488,37.6108477,126.9961242,123.84
359,-64,-11,8,643488,37.610849,126.9961249,123.84
360,-64,-11,8,643488,37.6108496,126.9961251,123.84
361,-64,-11,8,643488,37.6108612,126.9961319,123.93
362,-64,-11,8,643488,37.6108623,126.9961325,123.95
363,-64,-11,8,643488,37.6108633,126.9961333,123.95
364,-64,-11,8,643488,37.6108643,126.9961341,123.97
365,-64,-11,8,643488,37.6108664,126.9961355,123.98
366,-64,-11,8,643488,37.6108675,126.9961361,124.0
367,-64,-11,8,643488,37.6108684,126.9961368,124.0
368,-64,-11,8,643488,37.6108694,126.9961375,124.01
369,-64,-11,8,643488,37.6108711,126.9961387,123.99
370,-64,-11,8,643488,37.6108799,126.9961455,124.02
371,-64,-11,8,643488,37.6108821,126.9961469,124.07
372,-64,-11,8,643488,37.6108832,126.9961477,124.08
373,-64,-11,8,643488,37.6108842,126.9961484,124.07
374,-64,-11,8,643488,37.6108851,126.996149,124.08
375,-64,-11,8,643488,37.610887,126.9961501,124.06
376,-64,-11,8,643488,37.6108878,126.9961506,124.04
377,-64,-11,8,643488,37.6108887,126.996151,124.04
378,-64,-11,8,643488,37.6108897,126.9961515,124.04
379,-64,-11,8,643488,37.6109051,126.9961606,124.04
380,-64,-11,8,643488,37.6109058,126.9961613,124.05
381,-64,-11,8,643488,37.6109067,126.9961618,124.05
382,-64,-11,8,643488,37.6109087,126.9961629,124.1
383,-64,-11,8,643488,37.6109098,126.9961636,124.13
384,-64,-11,8,643488,37.610911,126.9961641,124.12
385,-64,-11,8,643488,37.6109119,126.9961646,124.16
386,-64,-11,8,643488,37.6109136,126.9961653,124.22
387,-64,-11,8,643488,37.6109146,126.9961656,124.23
388,-64,-11,8,643488,37.6109252,126.9961718,124.27
389,-64,-11,8,643488,37.610927,126.9961727,124.3
390,-64,-11,8,643488,37.6109278,126.9961732,124.33
391,-64,-11,8,643488,37.6109286,126.9961736,124.33
392,-64,-11,8,643488,37.6109298,126.9961747,124.35
393,-64,-11,8,643488,37.6109303,126.9961754,124.33
394,-64,-11,8,643488,37.6109307,126.996176,124.32
395,-64,-11,8,643488,37.6109311,126.9961767,124.3
396,-64,-11,8,643488,37.6109322,126.9961785,124.27
397,-64,-11,8,643488,37.6109437,126.9961878,124.27
398,-64,-11,8,643488,37.6109461,126.9961892,124.26
399,-64,-11,8,643488,37.6109471,126.99619,124.24
400,-64,-11,8,643488,37.610948,126.9961905,124.24
401,-64,-11,8,643488,37.610949,126.9961909,124.23
402,-64,-11,8,643488,37.6109507,126.9961914,124.22
403,-64,-11,8,643488,37.6109515,126.9961916,124.24
404,-64,-11,8,643488,37.610952,126.9961918,124.26
405,-64,-11,8,643488,37.6109519,126.9961934,124.38
406,-64,-11,8,643488,37.6109515,126.9961942,124.37
407,-64,-11,8,643488,37.6109509,126.9961952,124.37
408,-64,-11,8,643488,37.6109496,126.9961979,124.39
409,-64,-11,8,643488,37.6109488,126.9961996,124.37
410,-64,-11,8,643488,37.610948,126.9962015,124.37
411,-64,-11,8,643488,37.6109472,126.9962034,124.39
412,-64,-11,8,643488,37.6109454,126.9962073,124.44
413,-64,-11,8,643488,37.6109445,126.9962092,124.45
414,-64,-11,8,643488,37.6109341,126.9962369,124.36
415,-64,-11,8,643488,37.6109335,126.9962387,124.33
416,-64,-11,8,643488,37.6109325,126.996242,124.3
417,-64,-11,8,643488,37.6109319,126.9962434,124.33
418,-64,-11,8,643488,37.6109312,126.9962448,124.35
419,-64,-11,8,643488,37.6109305,126.9962464,124.35
420,-64,-11,8,643488,37.6109288,126.9962492,124.37
421,-64,-11,8,643488,37.6109279,126.9962506,124.38
422,-64,-11,8,643488,37.610927,126.9962518,124.39
423,-64,-11,8,643488,37.6109217,126.9962667,124.42
424,-64,-11,8,643488,37.6109213,126.9962676,124.42
425,-64,-11,8,643488,37.6109207,126.9962688,124.42
426,-64,-11,8,643488,37.6109203,126.9962693,124.43
427,-64,-11,8,643488,37.6109199,126.9962697,124.43
428,-64,-11,8,643488,37.6109194,126.9962702,124.43
429,-64,-11,8,643488,37.6109182,126.9962715,124.45
430,-64,-11,8,643488,37.6109176,126.9962724,124.45
431,-64,-11,8,643488,37.610917,126.9962732,124.47
432,-64,-11,8,643488,37.6109128,126.9962877,124.49
433,-64,-11,8,643488,37.6109121,126.9962891,124.47
434,-64,-11,8,643488,37.6109105,126.9962919,124.43
435,-64,-11,8,643488,37.6109096,126.9962931,124.46
436,-64,-11,8,643488,37.6109086,126.9962943,124.47
437,-64,-11,8,643488,37.6109078,126.9962956,124.51
438,-64,-11,8,643488,37.6109061,126.996298,124.57
439,-64,-11,8,643488,37.6109053,126.9962991,124.62
440,-64,-11,8,643488,37.6109047,126.9963004,124.61
441,-64,-11,8,643488,37.6109016,126.9963164,124.5
442,-64,-11,8,643488,37.610901,126.9963184,124.5
443,-64,-11,8,643488,37.6109007,126.9963193,124.5
444,-64,-11,8,643488,37.6109001,126.9963201,124.52
445,-64,-11,8,643488,37.6108996,126.9963209,124.51
446,-64,-11,8,643488,37.6108992,126.9963217,124.49
447,-64,-11,8,643488,37.6108983,126.9963235,124.49
448,-64,-11,8,643488,37.6108969,126.996331,124.47
449,-64,-11,8,643488,37.6108967,126.9963329,124.44
450,-64,-11,8,643488,37.6108967,126.9963339,124.44
451,-64,-11,8,643488,37.6108966,126.9963351,124.45
452,-64,-11,8,643488,37.6108963,126.9963365,124.45
453,-64,-11,8,643488,37.610896,126.9963391,124.45
454,-64,-11,8,643488,37.6108959,126.9963404,124.44
455,-64,-11,8,643488,37.6108956,126.9963417,124.45
456,-64,-11,8,643488,37.6108949,126.9963436,124.47
457,-64,-11,8,643488,37.6108932,126.9963438,124.54
458,-64,-11,8,643488,37.6108932,126.9963438,124.51
459,-64,-11,8,643488,37.6108932,126.9963438,124.49
460,-64,-11,8,643488,37.6108933,126.9963437,124.44
461,-64,-11,8,643488,37.6108937,126.9963436,124.3
462,-64,-11,8,643488,37.6108939,126.9963436,124.23
463,-64,-11,8,643488,37.6108939,126.9963435,124.2
464,-64,-11,8,643488,37.6108939,126.9963435,124.12
465,-64,-11,8,643488,37.6108942,126.9963437,124.1
466,-64,-11,8,643488,37.6108946,126.996344,123.42
467,-64,-11,8,643488,37.6108945,126.996344,123.31
468,-64,-11,8,643488,37.6108945,126.996344,123.25
469,-64,-11,8,643488,37.6108943,126.9963439,123.19
470,-64,-11,8,643488,37.6108941,126.9963438,123.12
471,-64,-11,8,643488,37.6108935,126.9963437,122.89
472,-64,-11,8,643488,37.6108933,126.9963436,122.81
473,-64,-11,8,643488,37.6108932,126.9963435,122.71
474,-64,-11,8,643488,37.6108931,126.9963436,122.6
475,-64,-11,8,643488,37.6108939,126.9963444,121.09
476,-64,-11,8,643488,37.6108936,126.9963435,120.86
477,-64,-11,8,643488,37.6108936,126.9963431,120.74
478,-64,-11,8,643488,37.6108937,126.9963429,120.61
479,-64,-11,8,643488,37.6108937,126.9963427,120.45
480,-64,-11,8,643488,37.6108939,126.9963434,120.22
481,-64,-11,8,643488,37.6108941,126.9963437,120.06
482,-64,-11,8,643488,37.6108942,126.9963442,119.95
483,-64,-11,8,643488,37.6108943,126.9963445,119.85
484,-64,-11,8,643488,37.6108937,126.9963445,118.28
485,-64,-11,8,643488,37.6108937,126.9963449,118.16
486,-64,-11,8,643488,37.6108933,126.9963455,117.95
487,-64,-11,8,643488,37.6108934,126.9963458,117.86
488,-64,-11,8,643488,37.6108933,126.9963461,117.8
489,-64,-11,8,643488,37.6108932,126.9963462,117.66
490,-64,-11,8,643488,37.6108929,126.9963465,117.4
491,-64,-11,8,643488,37.6108929,126.9963467,117.28
492,-64,-11,8,643488,37.610893,126.9963457,116.25
493,-64,-11,8,643488,37.6108933,126.9963452,116.07
494,-64,-11,8,643488,37.6108936,126.9963452,115.97
495,-64,-11,8,643488,37.6108938,126.996345,115.84
496,-64,-11,8,643488,37.6108942,126.9963445,115.63
497,-64,-11,8,643488,37.6108944,126.9963443,115.53
498,-64,-11,8,643488,37.6108944,126.9963442,115.44
499,-64,-11,8,643488,37.6108944,126.9963442,115.32
500,-64,-11,8,643488,37.6108945,126.9963453,114.2
501,-64,-11,8,643488,37.6108945,126.9963449,114.12
502,-64,-11,8,643488,37.6108942,126.996344,113.99
503,-64,-11,8,643488,37.6108941,126.9963437,113.93
504,-64,-11,8,643488,37.6108939,126.9963434,113.87
505,-64,-11,8,643488,37.6108937,126.9963432,113.81
506,-64,-11,8,643488,37.6108931,126.9963429,113.68
507,-64,-11,8,643488,37.6108928,126.9963429,113.65
508,-64,-11,8,643488,37.6108924,126.9963429,113.61
509,-64,-11,8,643488,37.6108923,126.9963443,112.74
510,-64,-11,8,643488,37.6108925,126.9963443,112.65
511,-64,-11,8,643488,37.6108929,126.9963446,112.43
512,-64,-11,8,643488,37.610893,126.9963446,112.37
513,-64,-11,8,643488,37.6108931,126.9963448,112.31
514,-64,-11,8,643488,37.6108932,126.9963451,112.11
515,-64,-11,8,643488,37.6108933,126.9963453,111.84
516,-64,-11,8,643488,37.6108942,126.9963443,110.76
517,-64,-11,8,643488,37.6108942,126.9963441,110.71
518,-64,-11,8,643488,37.6108943,126.996344,110.62
519,-64,-11,8,643488,37.6108945,126.9963439,110.58
520,-64,-11,8,643488,37.6108946,126.996344,110.53
521,-64,-11,8,643488,37.6108946,126.9963441,110.48
522,-64,-11,8,643488,37.6108947,126.9963442,110.34
523,-64,-11,8,643488,37.6108947,126.9963444,110.29
524,-64,-11,8,643488,37.6108947,126.9963445,110.23
525,-64,-11,8,643488,37.6108964,126.9963457,110.12
526,-64,-11,8,643488,37.6108965,126.9963456,110.09
527,-64,-11,8,643488,37.6108967,126.9963458,110.11
528,-64,-11,8,643488,37.6108971,126.9963463,110.23
529,-64,-11,8,643488,37.6108978,126.9963471,110.35
530,-64,-11,8,643488,37.6108981,126.9963476,110.41
531,-64,-11,8,643488,37.6108988,126.9963485,110.54
532,-64,-11,8,643488,37.6109032,126.9963536,111.38
533,-64,-11,8,643488,37.6109035,126.996354,111.42
534,-64,-11,8,643488,37.6109038,126.9963542,111.45
535,-64,-11,8,643488,37.6109042,126.9963546,111.54
536,-64,-11,8,643488,37.6109045,126.9963548,111.58
537,-64,-11,8,643488,37.6109044,126.9963547,111.58
538,-64,-11,8,643488,37.6109044,126.9963546,111.56
539,-64,-11,8,643488,37.6109041,126.9963542,111.53
540,-64,-11,8,643488,37.6109041,126.9963539,111.53
541,-64,-11,8,643488,37.6109041,126.9963537,111.51
542,-64,-11,8,643488,37.6109031,126.9963506,111.32
543,-64,-11,8,643488,37.6109028,126.9963498,111.29
544,-64,-11,8,643488,37.6109026,126.9963496,111.26
545,-64,-11,8,643488,37.6109025,126.9963493,111.22
546,-64,-11,8,643488,37.6109023,126.996349,111.17
547,-64,-11,8,643488,37.6109022,126.9963489,111.15
548,-64,-11,8,643488,37.6109021,126.9963487,111.15
549,-64,-11,8,643488,37.610902,126.9963485,111.11
550,-64,-11,8,643488,37.6109001,126.9963457,110.81
551,-64,-11,8,643488,37.6108999,126.9963455,110.78
552,-64,-11,8,643488,37.6108997,126.996345,110.74
553,-64,-11,8,643488,37.6108995,126.9963447,110.69
554,-64,-11,8,643488,37.6108993,126.9963444,110.68
555,-64,-11,8,643488,37.6108991,126.9963442,110.65
556,-64,-11,8,643488,37.610899,126.9963439,110.62
557,-71,-15,18,2500,37.6108987,126.9963435,110.56
558,-71,-15,18,2500,37.6108973,126.9963421,110.21
559,-71,-15,18,2500,37.6108973,126.9963422,110.22
560,-65,-7,16,2500,37.6108972,126.9963423,110.23
561,-65,-7,16,2500,37.6108972,126.9963423,110.25
562,-65,-7,16,2500,37.610897,126.9963417,110.24
563,-65,-7,16,2500,37.6108969,126.9963417,110.17
564,-65,-7,9,2500,37.6108968,126.9963417,110.16
565,-65,-7,9,2500,37.6107748,126.9965901,112.31
566,-65,-7,9,2500,37.6107744,126.9965901,112.35
567,-65,-7,9,2500,37.6107742,126.9965901,112.38
568,-63,-7,9,2500,37.6107741,126.99659,112.38
569,-63,-7,9,2500,37.610774,126.9965899,112.4
570,-63,-7,9,2500,37.6107739,126.9965896,112.41
571,-63,-7,9,2500,37.6107739,126.9965895,112.43
572,-63,-7,9,2500,37.6107739,126.9965894,112.43
573,-63,-7,9,2500,37.6107739,126.9965895,112.47
574,-63,-7,9,2500,37.6107719,126.9965885,112.79
575,-63,-7,15,2500,37.6107716,126.9965882,112.82
576,-63,-7,15,2500,37.6107711,126.9965879,112.87
577,-63,-7,15,2500,37.6107709,126.9965877,112.9
578,-63,-7,22,2500,37.6107707,126.9965875,112.92
579,-63,-7,22,2500,37.6107706,126.9965873,112.94
580,-63,-7,22,2500,37.6107703,126.9965872,112.97
581,-63,-7,22,2500,37.6107703,126.9965872,113.01
582,-63,-7,22,2500,37.6107703,126.9965872,113.05
583,-63,-7,22,2500,37.6107567,126.9965788,113.83
584,-63,-7,9,2500,37.6107546,126.9965785,113.84
585,-63,-7,9,2500,37.61075,126.9965767,113.81
586,-63,-7,2,2500,37.6107474,126.9965753,113.78
587,-63,-7,2,2500,37.6107451,126.9965734,113.72
588,-58,-6,2,2500,37.610743,126.9965712,113.66
589,-58,-6,17,2500,37.6107406,126.9965673,113.56
590,-58,-6,17,2500,37.6107396,126.9965654,113.47
591,-58,-6,22,2500,37.6107369,126.9965616,113.71
592,-58,-6,22,2500,37.6107372,126.996562,113.83
593,-58,-6,20,2500,37.6107376,126.9965624,113.94
594,-58,-6,20,2500,37.6107379,126.9965628,114.02
595,-58,-6,20,2500,37.6107386,126.9965636,114.21
596,-58,-6,20,2500,37.6107391,126.996564,114.31
597,-58,-6,20,2500,37.6107394,126.9965643,114.4
598,-55,-7,20,2500,37.6107403,126.9965649,114.64
599,-55,-7,20,2500,37.6107408,126.9965653,114.77
600,-55,-7,20,2500,37.6107473,126.9965723,115.97
601,-55,-7,20,2500,37.6107478,126.996573,116.07
602,-55,-7,20,2500,37.6107485,126.9965738,116.19
603,-55,-7,-3,2500,37.6107491,126.9965744,116.29
604,-55,-7,-3,2500,37.6107504,126.9965758,116.5
605,-55,-7,17,2500,37.6107511,126.9965766,116.61
606,-55,-7,17,2500,37.6107517,126.9965773,116.7
607,-55,-7,23,2500,37.6107523,126.9965779,116.81
608,-58,-6,23,2500,37.6107535,126.9965794,116.99
609,-58,-6,23,2500,37.6107627,126.9965879,118.38
610,-58,-6,23,2500,37.6107633,126.9965883,118.51
611,-58,-6,23,2500,37.6107638,126.9965888,118.63
612,-58,-6,23,2500,37.6107643,126.9965893,118.71
613,-58,-6,23,2500,37.610765,126.9965899,118.81
614,-58,-6,23,2500,37.6107653,126.9965901,118.84
615,-58,-6,23,2500,37.6107656,126.9965904,118.91
616,-58,-6,23,2500,37.610766,126.9965906,118.96
617,-58,-6,17,2500,37.6107667,126.9965909,119.05
618,-58,-6,17,2500,37.6107613,126.9965866,119.78
619,-58,-6,29,2500,37.6107608,126.9965834,119.58
620,-58,-6,29,2500,37.6107606,126.9965828,119.56
621,-58,-6,9,2500,37.6107608,126.9965828,119.6
622,-58,-6,9,2500,37.610761,126.9965831,119.66
623,-58,-6,20,2500,37.6107616,126.9965842,119.94
624,-58,-6,20,2500,37.6107608,126.9965839,119.96
625,-58,-6,14,2500,37.6107596,126.9965834,119.95
626,-58,-6,14,2500,37.6107579,126.9965826,119.91
627,-69,-10,14,2500,37.6107416,126.9965653,118.8
628,-69,-10,14,2500,37.6107411,126.9965648,118.69
629,-69,-10,14,2500,37.6107404,126.9965649,118.6
630,-69,-10,13,2500,37.61074,126.9965645,118.55
631,-69,-10,13,2500,37.6107399,126.9965643,118.49
632,-69,-10,15,2500,37.6107397,126.9965642,118.43
633,-69,-10,15,2500,37.6107391,126.9965638,118.34
634,-69,-10,5,2500,37.6107388,126.9965636,118.28
635,-69,-10,5,2500,37.6107384,126.9965635,118.22
636,-69,-10,5,2500,37.610735,126.9965614,117.52
637,-57,-7,13,2500,37.6107346,126.9965612,117.47
638,-57,-7,13,2500,37.6107339,126.9965606,117.35
639,-57,-7,13,2500,37.6107335,126.9965603,117.29
640,-57,-7,13,2500,37.6107331,126.9965603,117.22
641,-57,-7,13,2500,37.6107328,126.9965604,117.17
642,-57,-7,13,2500,37.6107321,126.9965601,117.02
643,-57,-7,13,2500,37.6107317,126.9965599,116.93
644,-57,-7,13,2500,37.6107315,126.9965597,116.87
645,-57,-7,13,2500,37.6107279,126.996558,116.05
646,-57,-7,13,2500,37.6107276,126.9965579,116.0
647,-56,-6,13,2500,37.6107272,126.9965576,115.91
648,-56,-6,13,2500,37.6107269,126.9965575,115.86
649,-56,-6,13,2500,37.6107267,126.9965574,115.8
650,-56,-6,13,2500,37.6107264,126.9965572,115.75
651,-56,-6,13,2500,37.6107259,126.9965569,115.62
652,-56,-6,13,2500,37.6107256,126.9965567,115.57
653,-56,-6,13,2500,37.6107253,126.9965565,115.51
654,-56,-6,6,2500,37.6107232,126.9965545,115.1
655,-56,-6,6,2500,37.610723,126.9965544,115.07
656,-56,-6,6,2500,37.6107225,126.996554,114.98
657,-56,-6,6,2500,37.6107222,126.9965537,114.94
658,-56,-6,6,2500,37.6107219,126.9965535,114.92
659,-56,-6,6,2500,37.6107216,126.9965532,114.89
660,-56,-6,14,2500,37.6107208,126.9965524,114.81
661,-56,-6,14,2500,37.6107206,126.9965521,114.79
662,-56,-6,14,2500,37.6107183,126.9965507,114.61
663,-56,-6,14,2500,37.6107182,126.9965507,114.62
664,-56,-6,14,2500,37.6107182,126.9965508,114.63
665,-56,-6,14,2500,37.6107181,126.9965509,114.65
666,-55,-6,14,2500,37.610718,126.9965509,114.65
667,-55,-6,14,2500,37.610718,126.996551,114.65
668,-55,-6,14,2500,37.6107179,126.996551,114.65
669,-55,-6,14,2500,37.6107177,126.9965509,114.64
670,-55,-6,14,2500,37.6107177,126.9965509,114.64
671,-55,-6,14,2500,37.6107168,126.9965514,114.63
672,-55,-6,14,2500,37.6107167,126.9965515,114.63
673,-55,-6,14,2500,37.6107166,126.9965514,114.6
674,-55,-6,14,2500,37.6107166,126.9965513,114.59
675,-55,-6,8,2500,37.6107166,126.9965512,114.59
676,-55,-6,8,2500,37.6107165,126.9965511,114.6
677,-55,-6,8,2500,37.6107166,126.996551,114.58
678,-55,-6,17,2500,37.6107166,126.996551,114.58
679,-55,-6,17,2500,37.6107166,126.9965508,114.58
680,-55,-6,17,2500,37.6107161,126.9965508,114.48
681,-55,-6,17,2500,37.6107161,126.9965507,114.45
682,-55,-6,9,2500,37.6107159,126.9965504,114.44
683,-55,-6,9,2500,37.6107152,126.9965499,114.57
684,-55,-6,9,2500,37.6107142,126.996549,114.81
685,-68,-10,1,2500,37.610713,126.996548,115.04
686,-68,-10,1,2500,37.6107122,126.9965485,115.72
687,-68,-10,1,2500,37.6107123,126.9965482,115.91
688,-68,-10,1,2500,37.6107125,126.9965478,115.99
689,-68,-10,1,2500,37.6106974,126.9965302,125.91
690,-68,-10,1,2500,37.6106975,126.9965304,125.9
691,-68,-10,8,2500,37.6106975,126.9965305,125.92
692,-68,-10,8,2500,37.6106976,126.9965306,125.91
693,-68,-10,8,2500,37.6106979,126.9965309,125.89
694,-68,-10,8,2500,37.6106979,126.9965311,125.88
695,-67,-8,8,2500,37.6106978,126.9965313,125.86
696,-67,-8,8,2500,37.6106978,126.9965315,125.87
697,-67,-8,8,2500,37.6106977,126.9965321,125.92
698,-67,-8,8,2500,37.6106979,126.9965319,126.75
699,-67,-8,1,2500,37.6106979,126.9965322,126.9
700,-67,-8,1,2500,37.6106977,126.9965319,126.96
701,-67,-8,1,2500,37.6106976,126.996532,127.07
702,-67,-8,1,2500,37.6106973,126.9965321,127.19
703,-67,-8,1,2500,37.6106971,126.9965322,127.27
704,-67,-8,1,2500,37.6106971,126.9965322,127.34
705,-69,-12,-1,2500,37.610697,126.9965321,127.39
706,-69,-12,-1,2500,37.6106969,126.9965319,127.48
707,-69,-12,-1,2500,37.6106993,126.9965288,127.43
708,-69,-12,-1,2500,37.6106994,126.996528,127.38
709,-69,-12,-1,2500,37.6106998,126.9965272,127.36
710,-69,-12,-1,2500,37.6107006,126.9965254,127.3
711,-69,-12,-1,2500,37.6107011,126.9965244,127.28
712,-69,-12,-1,2500,37.6107018,126.9965233,127.27
713,-69,-12,-1,2500,37.6107024,126.9965222,127.25
714,-67,-11,-1,2500,37.6107034,126.9965199,127.25
715,-67,-11,-1,2500,37.6107038,126.9965189,127.25
716,-67,-11,-1,2500,37.6107101,126.9964995,127.08
717,-67,-11,-1,2500,37.6107108,126.996498,127.09
718,-67,-11,-1,2500,37.6107114,126.9964966,127.06
719,-67,-11,-1,2500,37.6107125,126.9964938,127.01
720,-67,-11,0,2500,37.610713,126.9964925,127.0
721,-67,-11,0,2500,37.6107135,126.9964913,126.99
722,-67,-11,0,2500,37.6107137,126.9964901,126.96
723,-67,-11,0,2500,37.6107142,126.996488,126.94
